node,create_airbed_dump_table_crm_tasks,success
node,daily-update_tns_history_table,success
node,daily_gibson-import_airbed3_hostings,success
node,create_airbed_dump_table_group_users,success
node,db_export-airbed_markets,success
node,create_ganesh_dump_table_hosting_summary_diffs,success
node,create_airbed_dump_table_payment2s,success
node,daily_gibson-import_airbed3_users,success
node,create_omg_table-ltv_user_revenue_yr1_fc,success
node,db_export-airbed_user_offers,success
node,host_earnings_cohorts#async,success
node,create_airbed_dump_table_question2_threads,success
node,create_airbed_dump_table_user_oauth_keys,success
node,db_export-airbed_memories,success
node,db_export-airbed_queued_reviews,success
node,create_airbed_dump_table_hosting_amenities,success
node,hosting_forward_bookrate,success
node,db_export-airbed_collections,success
node,create_omg_table-dim_accounts,success
node,hostings_impressions_normalize_prepare,success
node,db_export-airbed_payment2s,success
node,db_export-airbed_groups,success
node,create_airbed_dump_table_reviews,success
node,create_omg_table-dim_keyword_templates,success
node,calendar_squares_analytics,success
node,pictures_summary,fresh
node,create_omg_table-campaigns,success
node,create_omg_table-dim_campaign_devices,success
node,daily-create_hostings_summary_history,success
node,create_aircorps_dump_table-shiftplanning_timeclocks,success
node,daily-create_user_preferences_history,success
node,daily_gibson-import_airbed3_referrals,success
node,create_airbed_dump_table_community_memberships,success
node,create_log_tables,success
node,create_omg_table-dim_campaign_languages,success
node,create_airbed_dump_table_groups,success
node,create_airbed_dump_table_hostings_with_calendar_updated,success
node,create_omg_table-dim_keywords,success
node,db_export-airbed_user_real_names,success
node,db_export-airbed_hostings,success
node,create_ganesh_dump_table_reminders,success
node,create_airbed_dump_table_snapshots,success
node,db_export-airbed_community_invitations,failure
node,create_omg_table-dim_dates,success
node,create_airbed_dump_table_meetups,success
node,daily-create_schedule2s_history,success
node,create_airbed_dump_table_air_match_trips,success
node,redshift_daily_update,failure
node,create_airbed_dump_table_payout_infos,success
node,db_export-airbed_meetup_registrations,success
node,db_export-airbed_question2_threads,success
node,db_export-airbed_hosting_amenities,success
node,db_export-airbed_places,success
node,create_omg_table-affiliate_events_commission,success
node,create_airbed_dump_table_associate_infos,success
node,create_airbed_dump_table_hostings,success
node,create_calendar_db_production_dump_table_schedule2s,success
node,daily_db_export-partial_airbed_tables,success
node,db_export-airbed_hosting_deactivation_reasons,success
node,daily_omg_jobs-ad_stats_af_market,success
node,create_airbed_dump_table_admin_flags,success
node,db_export-airbed_group_users,success
node,db_export-airbed_question2_posts,success
node,create_airbed3_dump_table-hostings_first_become_available_at,success
node,create_calendar_db_production_dump_table_calendar_squares,success
node,create_airbed_dump_table_users,success
node,daily-update_users_summary_history,success
node,daily_gibson-import_airbed3_reviews,success
node,db_export-airbed_phone_numbers,success
node,create_omg_table-keywords,success
node,daily_omg_jobs-omg_adwords_report_next30,failure
node,daily_gibson-import_airbed3_reservation2s,success
node,create_users_visits_history_table,success
node,create_airbed_dump_table_reservation_users,success
node,create_airbed_dump_table_friend_recommendations,success
node,daily_gibson-import_airbed3_admin_flags,success
node,create_aircorps_dump_table_zendesk_tickets,success
node,bookings_history,success
node,create_search_shitlist,success
node,run_shitlist,failure
node,create_airbed_dump_table_reservation2s,success
node,daily-update_user_profile_infos_history,success
node,db_export-airbed_user_oauth_keys,success
node,hostings_summary_1_pre,success
node,gibson_cleanup,success
node,daily_omg_jobs-ad_stats_combined,success
node,daily_gibson-import_airbed3_cs_satisfaction_surveys,success
node,high_level_report_hs_history,failure
node,create_omg_table-dim_campaign_sub_channels,success
node,daily_gibson-import_airbed3_tables_no_schema,success
node,daily_db_export-full_autopricing_tables,success
node,daily_gibson-import_default_tns_tables_with_schema_from_autopricing,success
node,db_export-airbed3_notification_devices,success
node,daily-update_hostings_history,success
node,db_export-airbed_reservation_users,success
node,create_omg_table-tracking_codes,success
node,update_user_verification,success
node,daily_gibson-import_airbed3_notification_devices,success
node,daily_db_export-full_ganesh_tables,success
node,add_latest_reservation_survey_events_partition,success
node,create_ganesh_dump_table_notes,success
node,create_ganesh_dump_table_alerts,success
node,db_export-airbed_reservation2s,success
node,create_airbed_dump_table_cs_satisfaction_surveys,success
node,create_airbed_dump_table_leads,success
node,db_export-airbed_user_attributes,failure
node,daily_gibson-default_data_cooked_table_import,success
node,db_export-airbed_relationships,success
node,db_export-airbed_associate_infos,success
node,db_export-airbed_referrals,success
node,create_airbed_dump_table_markets,success
node,daily_gibson-import_omg_tables,success
node,daily_gibson-import_airbed3_line_items,success
node,daily-create_user_profile_infos_history,success
node,db_export-calendardb-schedule2s,success
node,update_git_repos_on_mesos_slaves,success
node,create_airbed_dump_table_book_keepings,success
node,flogtest_requests,success
node,gibson_make_snapshot,success
node,create_fraud_dump_tables,success
node,flotest,failure
node,daily-mapping-create_cookie_userid,success
node,add_latest_checkout_flow_events_partition,success
node,db_export-airbed_user_preferences,success
node,create_aircorps_dump_table_phone_interactions,success
node,search_sampler,success
node,create_airbed_dump_table_user_preferences,success
node,create_mapping_table_cookie_userid,success
node,create_dashboard,success
node,create_airbed_dump_table_photography_jobs,success
node,db_export-airbed_trip_profiles,success
node,daily-update_user_preferences_history,success
node,db_export-airbed_reviews,success
node,hosting_logs,success
node,create_airbed_dump_table_community_invitations,success
node,create_airbed_dump_table_dashboard_survey_responses,success
node,create_airbed_dump_table_pictures,success
node,db_export-airbed_book_keepings,success
node,create_omg_table-ad_stats,fresh
node,geo_country_market,success
node,db_export-airbed_hosting_descriptions,success
node,daily_gibson-import_default_aircorps_tables,success
node,s2c_forward,success
node,daily_gibson-import_airbed3_affiliates,success
node,create_airbed_dump_table_phone_numbers,success
node,create_airbed_dump_table_line_items,success
node,gibson_start_snapshot,success
node,hostings_impressions_normalize,success
node,create_airbed_dump_table_collections,success
node,create_airbed_dump_table_referrals,success
node,daily_gibson-import_default_analytics_tables_with_schema_from_autopricing,success
node,create_airbed_dump_table_requests,success
node,create_airbed_dump_table_payment_instruments,success
node,daily_gibson-import_airbed3_payment2s,success
node,daily_gibson-import_default_analytics_tables_with_schema_from_aircorps,success
node,db_export-airbed_pictures,success
node,create_airbed_dump_table_queued_reviews,success
node,db_export-airbed_special_offers,success
node,update_users_visits_history_table,success
node,db_export-airbed_community_memberships,failure
node,create_omg_table-dim_ad_groups,success
node,create_airbed_dump_table_coupons,success
node,glop,success
node,daily_gibson-import_default_analytics_tables_with_schema_from_ganesh,success
node,daily_alexandria_audit_import,success
node,create_airbed_dump_table_special_offers,success
node,create_checkout_flow,success
node,daily_gibson-import_airbed3_hosting_deactivation_reasons,success
node,create_airbed_dump_table_user_real_names,success
node,create_airbed_dump_table_user_profile_infos,success
node,db_export-airbed_air_match_requests,success
node,db_export-airbed_coupons,success
node,users_summary,success
node,daily-update_hostings_summary_history,success
node,daily_db_export-full_aircorps_tables,success
node,daily_db_export_full_fraud_db_tables,success
node,create_airbed_dump_table_memories,success
node,db_export-airbed_leads,success
node,gibson_remap_dns,success
node,db_export-airbed_snapshots,success
node,create_omg_table-dim_campaigns,success
node,daily-create_users_history,success
node,db_export-calendardb-calendar_squares,success
node,create_airbed_dump_table_places,success
node,daily-create_hostings_history,success
node,create_omg_table-fact_ad_stats,success
node,daily_gibson-import_default_analytics_tables_with_append_from_data_cooked,success
node,ph_dashboard_loader_hourly,success
node,create_airbed_dump_table_relationships,success
node,daily_gibson-import_airbed3_meetup_registrations,success
node,daily_db_export-full_adexploder_tables,fresh
node,create_tmp_users_visits_history_table,success
node,daily-create_users_summary_history,success
node,db_export-airbed_crm_tasks,failure
node,create_airbed_dump_table_question2_posts,success
node,daily_gibson-import_default_metrics_tables,success
node,daily_gibson-import_airbed3_coupons,success
node,create_omg_table-dim_atlas_geos,success
node,daily-update_schedule2s_history,success
node,create_airbed_dump_table_user_offers,success
node,db_export-airbed_affiliates,success
node,update_hadoop_master_dns,success
node,db_export-airbed_friend_recommendations,success
node,update_s3_deployment,success
node,add_request_search_latest_partition,success
node,add_latest_dyson_partition,failure
node,daily-update_users_history,success
node,create_ganesh_dump_table_hosting_quality,success
node,create_omg_table-affiliate-events#async,success
node,daily_omg_jobs-ad_stats_ad_weekly,success
node,db_export-airbed_faqs,success
node,hostings_summary,success
node,db_export-airbed_dashboard_survey_responses,success
node,hostings_earnings_summary#async,success
node,create_airbed_dump_table_collection_hostings,success
node,db_export-airbed_air_match_trips,success
node,create_airbed_dump_table_air_match_requests,success
node,create_ganesh_dump_table_mentorships,success
node,daily_db_export-full_calendar_db_tables,success
node,create_omg_table-affiliate_events_hostings,success
node,create_airbed_dump_table_meetup_registrations,success
node,add_latest_rum_partition,success
node,latest_predictions,success
node,create_airbed_dump_table_affiliates,success
node,create_airbed_dump_table_hosting_descriptions,success
node,db_export-airbed_users,success
node,db_export-airbed_admin_flags,success
node,db_export-airbed_cs_satisfaction_surveys,success
node,zendesk_ticket_metrics,success
node,hostings_summary_2_quality_score,success
node,daily_unique_logins,success
node,db_export-airbed_collection_hostings,success
node,daily_omg_jobs-ad_stats_kw_summary,success
node,create_airbed_dump_table_user_attributes,success
node,db_export-airbed_line_items,success
link,daily_db_export_full_fraud_db_tables,create_fraud_dump_tables
link,db_export-airbed_meetup_registrations,daily_gibson-import_airbed3_meetup_registrations
link,daily_omg_jobs-ad_stats_af_market,daily_gibson-import_omg_tables
link,daily_omg_jobs-ad_stats_combined,daily_gibson-import_omg_tables
link,daily_omg_jobs-ad_stats_ad_weekly,daily_gibson-import_omg_tables
link,daily_omg_jobs-ad_stats_kw_summary,daily_gibson-import_omg_tables
link,daily_omg_jobs-omg_adwords_report_next30,daily_gibson-import_omg_tables
link,hostings_summary,bookings_history
link,hostings_summary_1_pre,hostings_summary_2_quality_score
link,create_calendar_db_production_dump_table_calendar_squares,calendar_squares_analytics
link,daily_omg_jobs-ad_stats_combined,daily_omg_jobs-ad_stats_kw_summary
link,db_export-airbed_hostings,hostings_earnings_summary#async
link,db_export-airbed_reservation2s,hostings_earnings_summary#async
link,hostings_earnings_summary#async,host_earnings_cohorts#async
link,daily_db_export-full_autopricing_tables,latest_predictions
link,daily_omg_jobs-ad_stats_combined,daily_omg_jobs-ad_stats_ad_weekly
link,db_export-airbed_affiliates,daily_gibson-import_airbed3_affiliates
link,daily_db_export-full_aircorps_tables,create_aircorps_dump_table-shiftplanning_timeclocks
link,db_export-airbed_payment2s,daily_gibson-import_airbed3_payment2s
link,db_export-airbed_reservation2s,create_dashboard
link,db_export-airbed_hostings,create_dashboard
link,db_export-airbed_reviews,create_dashboard
link,hostings_summary,high_level_report_hs_history
link,hostings_impressions_normalize,hostings_summary_1_pre
link,create_omg_table-affiliate-events#async,create_omg_table-affiliate_events_hostings
link,create_omg_table-affiliate-events#async,create_omg_table-affiliate_events_commission
link,db_export-airbed_users,daily_gibson-import_airbed3_users
link,db_export-airbed_hostings,daily_gibson-import_airbed3_hostings
link,hostings_impressions_normalize_prepare,hostings_impressions_normalize
link,hostings_summary,daily_gibson-default_data_cooked_table_import
link,add_latest_checkout_flow_events_partition,create_checkout_flow
link,create_omg_table-ad_stats,daily_omg_jobs-ad_stats_af_market
link,create_omg_table-ltv_user_revenue_yr1_fc,daily_omg_jobs-ad_stats_combined
link,daily_omg_jobs-ad_stats_af_market,daily_omg_jobs-ad_stats_combined
link,create_omg_table-fact_ad_stats,daily_omg_jobs-ad_stats_combined
link,create_omg_table-dim_dates,daily_omg_jobs-ad_stats_combined
link,create_omg_table-dim_keyword_templates,daily_omg_jobs-ad_stats_combined
link,create_omg_table-dim_ad_groups,daily_omg_jobs-ad_stats_combined
link,hostings_summary_2_quality_score,hostings_summary
link,db_export-airbed_reservation2s,daily_gibson-import_airbed3_reservation2s
link,create_users_visits_history_table,update_users_visits_history_table
link,db_export-airbed_admin_flags,daily_gibson-import_airbed3_admin_flags
link,daily_omg_jobs-ad_stats_combined,daily_omg_jobs-omg_adwords_report_next30
link,db_export-airbed_line_items,daily_gibson-import_airbed3_line_items
link,create_log_tables,s2c_forward
link,db_export-airbed_reservation2s,s2c_forward
link,db_export-airbed_coupons,daily_gibson-import_airbed3_coupons
link,db_export-airbed_referrals,daily_gibson-import_airbed3_referrals
link,db_export-airbed_reviews,daily_gibson-import_airbed3_reviews
link,users_summary,hostings_impressions_normalize_prepare
link,create_tmp_users_visits_history_table,create_users_visits_history_table
link,daily_db_export-partial_airbed_tables,create_airbed3_dump_table-hostings_first_become_available_at
link,db_export-airbed3_notification_devices,daily_gibson-import_airbed3_notification_devices
link,db_export-airbed_cs_satisfaction_surveys,daily_gibson-import_airbed3_cs_satisfaction_surveys
link,hostings_summary,create_omg_table-ltv_user_revenue_yr1_fc
link,users_summary,create_omg_table-ltv_user_revenue_yr1_fc
link,create_airbed_dump_table_reservation2s,create_omg_table-ltv_user_revenue_yr1_fc
link,create_airbed_dump_table_users,create_omg_table-ltv_user_revenue_yr1_fc
link,update_users_visits_history_table,users_summary
